codigo,titulo,texto,multimedia,dataPublicacion,userName
1,"Hola Mundo",qwertyuiop,qwerqwer,"03-12-22 01:31:10",pedropm
2,adfs,asdf,multimedia,2022-12-01T16:15,PedroAdmin
3,qwer,qwer,multimedia,"03-12-22 01:31:10",PedroAdmin
4,asd,"hola *** aaa jemeplo  aaa  aaa",multimedia,"06-12-22 02:04:42",PedroAdmin
5,asd,"hola **** aaa jemeplo  aaa  aaa",multimedia,"06-12-22 02:05:17",PedroAdmin
6,qwer," hola  que  tal",multimedia,"06-12-22 10:39:34",pedropm
7,asdf,asdf,multimedia,2022-12-01T23:30,PedroAdmin
9,asdf,qwer,multimedia,2022-12-01T23:32,PedroAdmin
11,asdf,qwer,multimedia,"06-12-22 11:33:17",pedropm
12,asdasfasdf,multimedia,asdfasdfasdf,2022-12-01T12:34,pedropm
13,as,asdasd,multimedia,2022-12-01T12:45,PedroAdmin
14,asdf,asdf,multimedia,2022-12-02T14:24,PedroAdmin
15,caca,"***** ***** hola aaa","multimediaPublicaciones/foto_caca_07-12-22 06:27:20.jpg",2022-12-01T23:59,PedroAdmin
14,asdf,qwerloisdlkhflakjhdfs,"multimediaPublicaciones/foto_asdf_07-12-22 09:16:54.jpg",2022-12-01T15:34,PedroAdmin
